lat,lng
42.01123298,-93.63833623
42.0111857,-93.63833657
42.0111857,-93.63833657
42.01115343,-93.638382
42.01115343,-93.638382
42.01110721,-93.63838904
42.01109514,-93.63838971
42.01108428,-93.63839281
42.01108428,-93.63839281
42.01108428,-93.63839281
42.01108428,-93.63839281
42.01108428,-93.63839281
42.01111467,-93.63840253
42.01111467,-93.63840253
42.01111467,-93.63840253
42.01111467,-93.63840253
42.01110578,-93.63840798
42.01110578,-93.63840798
42.01110578,-93.63840798
42.01110578,-93.63840798
42.01110578,-93.63840798
42.01110578,-93.63840798
42.01110578,-93.63840798
42.01110578,-93.63840798
42.01110578,-93.63840798
42.01110578,-93.63840798
42.01110578,-93.63840798
42.01110578,-93.63840798
42.01110578,-93.63840798
42.01110578,-93.63840798
42.01110578,-93.63840798
42.01110578,-93.63840798
42.01110578,-93.63840798
42.01110578,-93.63840798
42.01110578,-93.63840798
42.01110578,-93.63840798
42.01110578,-93.63840798
42.01110578,-93.63840798
42.01110578,-93.63840798
42.01110578,-93.63840798
42.01110578,-93.63840798
42.01110578,-93.63840798
42.01110578,-93.63840798
42.01110578,-93.63840798
42.01110578,-93.63840798
42.01110578,-93.63840798
42.01110578,-93.63840798
42.01110578,-93.63840798
42.01110578,-93.63840798
42.01110578,-93.63840798
42.01110578,-93.63840798
42.01110578,-93.63840798
42.01110578,-93.63840798
42.01110578,-93.63840798
42.01110578,-93.63840798
42.01110578,-93.63840798
42.01110578,-93.63840798
42.01110578,-93.63840798
42.01110578,-93.63840798
42.01110578,-93.63840798
42.01110578,-93.63840798
42.01110578,-93.63840798
42.01110578,-93.63840798
42.01110578,-93.63840798
42.01110578,-93.63840798
42.01110578,-93.63840798
42.01110578,-93.63840798
42.01110578,-93.63840798
42.01110578,-93.63840798
42.01110578,-93.63840798
42.01110578,-93.63840798
42.01110578,-93.63840798
42.01110578,-93.63840798
42.01110578,-93.63840798
42.01110578,-93.63840798
42.01110578,-93.63840798
42.01110578,-93.63840798
42.01110578,-93.63840798
42.01110578,-93.63840798
42.01110578,-93.63840798
42.01110578,-93.63840798
42.01110578,-93.63840798
42.01108986,-93.63838837
42.01108483,-93.63839046
42.01107825,-93.63839792
42.01107397,-93.63840949
42.01106777,-93.63842064
42.01106257,-93.63842969
42.01105725,-93.63843656
42.01105046,-93.63844151
42.01104107,-93.63844754
42.01103081,-93.63845609
42.01102184,-93.63846397
42.01101362,-93.63847059
42.01100566,-93.63847646
42.01099837,-93.63848392
42.01098994,-93.63849649
42.01098412,-93.63850881
42.01097947,-93.6385187
42.01097796,-93.63852994
42.01097892,-93.6385436
42.0109837,-93.63855986
42.01098437,-93.63857201
42.01098399,-93.63858392
42.01098605,-93.63859473
42.0109912,-93.6386047
42.01099862,-93.63861334
42.01100759,-93.6386239
42.01101702,-93.63863681
42.01102573,-93.63864804
42.01103319,-93.63865726
42.01104057,-93.6386622
42.01105117,-93.63866606
42.01106119,-93.63866807
42.01106903,-93.63866799
42.01107665,-93.63866681
42.01108634,-93.63866539
42.01109832,-93.6386653
42.01110779,-93.63866673
42.01111525,-93.6386684
42.01112204,-93.63866899
42.01112858,-93.63867084
42.0111386,-93.63867427
42.01114832,-93.63867804
42.01115452,-93.63868106
42.01115452,-93.63868106
42.01115452,-93.63868106
42.01115452,-93.63868106
42.01115452,-93.63868106
42.01115452,-93.63868106
42.01115452,-93.63868106
42.01116982,-93.63868366
42.01116982,-93.63868366
42.01116982,-93.63868366
42.01116982,-93.63868366
42.01116982,-93.63868366
42.01116982,-93.63868366
42.01116982,-93.63868366
42.01116982,-93.63868366
42.01116982,-93.63868366
42.01116982,-93.63868366
42.01116982,-93.63868366
42.01116982,-93.63868366
42.01116982,-93.63868366
42.01116982,-93.63868366
42.01116982,-93.63868366
42.01116982,-93.63868366
42.01116982,-93.63868366
42.01116982,-93.63868366
42.01116982,-93.63868366
42.01116982,-93.63868366
42.01116982,-93.63868366
42.01116982,-93.63868366
42.01116982,-93.63868366
42.01116982,-93.63868366
42.01116982,-93.63868366
42.01116982,-93.63868366
42.01116982,-93.63868366
42.01116982,-93.63868366
42.01116982,-93.63868366
42.01116982,-93.63868366
42.01116982,-93.63868366
42.01116982,-93.63868366
42.01116982,-93.63868366
42.01116982,-93.63868366
42.01116982,-93.63868366
42.01116982,-93.63868366
42.01116982,-93.63868366
42.01116982,-93.63868366
42.0112168,-93.63871434
42.0112168,-93.63871434
42.0112168,-93.63871434
42.0112168,-93.63871434
42.0112168,-93.63871434
42.0112168,-93.63871434
42.0112168,-93.63871434
42.0112168,-93.63871434
42.0112168,-93.63871434
42.0112168,-93.63871434
42.0112168,-93.63871434
42.0112168,-93.63871434
42.0112168,-93.63871434
42.0112168,-93.63871434
42.0112168,-93.63871434
42.01122363,-93.63869959
42.01122363,-93.63869959
42.01122363,-93.63869959
42.01122363,-93.63869959
42.01122363,-93.63869959
42.01122363,-93.63869959
42.01122363,-93.63869959
42.01122363,-93.63869959
42.01122363,-93.63869959
42.01122363,-93.63869959
42.01122363,-93.63869959
42.01122363,-93.63869959
42.01122363,-93.63869959
42.01122363,-93.63869959
42.01122363,-93.63869959
42.01122363,-93.63869959
42.01122363,-93.63869959
42.01122363,-93.63869959
42.01122363,-93.63869959
42.01122363,-93.63869959
42.01122363,-93.63869959
42.01122363,-93.63869959
42.01122363,-93.63869959
42.01122363,-93.63869959
42.01122363,-93.63869959
42.01122363,-93.63869959
42.01122363,-93.63869959
42.01122363,-93.63869959
42.0112287,-93.63869724
42.0112287,-93.63869724
42.0112287,-93.63869724
42.0112287,-93.63869724
42.0112287,-93.63869724
42.0112287,-93.63869724
42.0112287,-93.63869724
42.0112287,-93.63869724
42.0112287,-93.63869724
42.0112287,-93.63869724
42.0112287,-93.63869724
42.0112287,-93.63869724
42.0112287,-93.63869724
42.0112287,-93.63869724
42.0112287,-93.63869724
42.0112287,-93.63869724
42.0112287,-93.63869724
42.0112287,-93.63869724
42.0112287,-93.63869724
42.0112287,-93.63869724
42.0112287,-93.63869724
42.0112287,-93.63869724
42.0112287,-93.63869724
42.0112287,-93.63869724
42.0112287,-93.63869724
42.0112287,-93.63869724
42.0112287,-93.63869724
42.0112287,-93.63869724
42.0112287,-93.63869724
42.0112287,-93.63869724
42.01122753,-93.63868358
42.01122753,-93.63868358
42.01122753,-93.63868358
42.01122753,-93.63868358
42.01122753,-93.63868358
42.01122753,-93.63868358
42.01122753,-93.63868358
42.01122753,-93.63868358
42.01122753,-93.63868358
42.01122753,-93.63868358
42.01122187,-93.63867159
42.01122162,-93.63867184
42.01122162,-93.63867184
42.01122162,-93.63867184
42.01122162,-93.63867184
42.01122162,-93.63867184
42.01122162,-93.63867184
42.01122162,-93.63867184
42.01122162,-93.63867184
42.01122162,-93.63867184
42.01122162,-93.63867184
42.01122162,-93.63867184
42.01122162,-93.63867184
42.01122162,-93.63867184
42.01122162,-93.63867184
42.01122162,-93.63867184
42.01122162,-93.63867184
42.01122162,-93.63867184
42.01122162,-93.63867184
42.01122799,-93.63866639
42.01122799,-93.63866639
42.01122799,-93.63866639
42.01122799,-93.63866639
42.01122799,-93.63866639
42.01122841,-93.6386669
42.01122841,-93.6386669
42.01122841,-93.6386669
42.01122841,-93.6386669
42.01122841,-93.6386669
42.01122841,-93.6386669
42.01122841,-93.6386669
42.01122841,-93.6386669
42.01122841,-93.6386669
42.01122841,-93.6386669
42.01122841,-93.6386669
42.01122841,-93.6386669
42.01122841,-93.6386669
42.01122841,-93.6386669
42.01122841,-93.6386669
42.01122841,-93.6386669
42.01122841,-93.6386669
42.01122841,-93.6386669
42.01122841,-93.6386669
42.01122841,-93.6386669
42.01122841,-93.6386669
42.01122841,-93.6386669
42.01122841,-93.6386669
42.01122652,-93.63865784
42.01122711,-93.6386555
42.01122476,-93.63865751
42.01122476,-93.63865751
42.01121797,-93.63866321
42.01122011,-93.63866799
42.01122581,-93.63866673
42.01122581,-93.63866949
42.01122581,-93.63866949
42.01122581,-93.63866949
42.01122581,-93.63866949
42.01122581,-93.63866949
42.01122581,-93.63866949
42.01122581,-93.63866949
42.01122581,-93.63866949
42.01122581,-93.63866949
42.01122581,-93.63866949
42.01122581,-93.63866949
42.01122581,-93.63866949
42.01122581,-93.63866949
42.01122581,-93.63866949
42.01122581,-93.63866949
42.01122581,-93.63866949
42.01122581,-93.63866949
42.01122581,-93.63866949
42.01122581,-93.63866949
42.01121743,-93.63866782
42.01121743,-93.63866782
42.01121743,-93.63866782
42.01121743,-93.63866782
42.01121743,-93.63866782
42.01121743,-93.63866782
42.01121743,-93.63866782
42.0112116,-93.63866237
42.01121429,-93.63866379
42.01121676,-93.63866606
42.01121986,-93.63865826
42.01121986,-93.63865826
42.01121986,-93.63865826
42.01121986,-93.63865826
42.01121986,-93.63865826
42.01121986,-93.63865826
42.01121986,-93.63865826
42.01121986,-93.63865826
42.01121986,-93.63865826
42.01121986,-93.63865826
42.01121986,-93.63865826
42.01121986,-93.63865826
42.01121986,-93.63865826
42.01121986,-93.63865826
42.01121986,-93.63865826
42.01121986,-93.63865826
42.01121986,-93.63865826
42.01121986,-93.63865826
42.01121986,-93.63865826
42.01121986,-93.63865826
42.01121986,-93.63865826
42.01121986,-93.63865826
42.01121986,-93.63865826
42.01121986,-93.63865826
42.01121986,-93.63865826
42.01121986,-93.63865826
42.01121986,-93.63865826
42.01121986,-93.63865826
42.01121986,-93.63865826
42.01121986,-93.63865826
42.01121986,-93.63865826
42.01121986,-93.63865826
42.01121986,-93.63865826
42.01121986,-93.63865826
42.01121986,-93.63865826
42.01121986,-93.63865826
42.01118591,-93.63867293
42.01119119,-93.63867561
42.01119371,-93.63867888
42.01119371,-93.63867888
42.01119371,-93.63867888
42.01119371,-93.63867888
42.01119371,-93.63867888
42.01119371,-93.63867888
42.01119371,-93.63867888
42.01119371,-93.63867888
42.01119371,-93.63867888
42.01119371,-93.63867888
42.01119371,-93.63867888
42.01119371,-93.63867888
42.01119371,-93.63867888
42.01119371,-93.63867888
42.01119371,-93.63867888
42.01119371,-93.63867888
42.01119371,-93.63867888
42.01119371,-93.63867888
42.01119731,-93.63868995
42.01119807,-93.63867184
42.01119802,-93.63867754
42.01119585,-93.63868131
42.01120062,-93.63868156
42.01120968,-93.63868316
42.01121764,-93.63868576
42.01122967,-93.63869137
42.01123348,-93.63869707
42.01123662,-93.638699
42.01124035,-93.63870244
42.01123939,-93.63870897
42.01123696,-93.63871568
42.01123604,-93.63872599
42.01123553,-93.63873328
42.0112344,-93.63873756
42.0112344,-93.63873756
42.0112344,-93.63873756
42.0112344,-93.63873756
42.0112344,-93.63873756
42.0112344,-93.63873756
42.0112344,-93.63873756
42.01121479,-93.63872029
42.01121123,-93.63871928
42.01121123,-93.63871928
42.01121123,-93.63871928
42.01121123,-93.63871928
42.01120808,-93.63874024
42.01120892,-93.63875097
42.01121047,-93.6387653
42.01121185,-93.6387777
42.01121307,-93.6387829
42.01121307,-93.6387829
42.01121307,-93.6387829
42.01121307,-93.6387829
42.01121307,-93.6387829
42.01121307,-93.6387829
42.01121307,-93.6387829
42.01121307,-93.6387829
42.01121307,-93.6387829
42.01121307,-93.6387829
42.01121307,-93.6387829
42.01121307,-93.6387829
42.01121307,-93.6387829
42.01121307,-93.6387829
42.01121307,-93.6387829
42.01121307,-93.6387829
42.01121307,-93.6387829
42.01121307,-93.6387829
42.01121307,-93.6387829
42.01121307,-93.6387829
42.01121307,-93.6387829
42.01121307,-93.6387829
42.01121131,-93.63879154
42.01121517,-93.63878969
42.01121445,-93.63879204
42.01118055,-93.63881953
42.01118055,-93.63881953
42.01116869,-93.63882322
42.01116869,-93.63882322
42.01116483,-93.63882774
42.01116127,-93.63883294
42.01116102,-93.63884208
42.0111611,-93.63884979
42.01116387,-93.63885381
42.01116202,-93.63886144
42.01115762,-93.63886806
42.01115109,-93.63887343
42.01114459,-93.63887695
42.01113512,-93.63887762
42.01112187,-93.63887854
42.01110951,-93.63887988
42.01109581,-93.63888047
42.01108332,-93.63887946
42.01107301,-93.63887737
42.01106442,-93.63887234
42.01105645,-93.63886789
42.0110451,-93.63886421
42.0110342,-93.63886463
42.01102812,-93.63886991
42.01102418,-93.63887577
42.01102326,-93.63888097
42.01102326,-93.63888097
42.01102326,-93.63888097
42.01102326,-93.63888097
42.01102506,-93.63888944
42.01102506,-93.63888944
42.01102506,-93.63888944
42.01102506,-93.63888944
42.01102506,-93.63888944
42.01102506,-93.63888944
42.01102506,-93.63888944
42.01102506,-93.63888944
42.01102506,-93.63888944
42.01102506,-93.63888944
42.01102955,-93.63890218
42.01102234,-93.63890846
42.01101325,-93.63891534
42.01100499,-93.6389207
42.01099707,-93.63892615
42.01098315,-93.638929
42.0109723,-93.63892866
42.01096668,-93.63892741
42.01095855,-93.63892598
42.01094933,-93.63892447
42.01094204,-93.63892271
42.01093714,-93.63892145
42.01093114,-93.6389212
42.01092343,-93.63892053
42.01091451,-93.63892036
42.01090663,-93.63891978
42.0108995,-93.63891793
42.0108925,-93.63891299
42.01088609,-93.6389062
42.0108793,-93.63889899
42.01087377,-93.63889053
42.01086895,-93.63888063
42.01086468,-93.63886907
42.01085973,-93.63885784
42.01085194,-93.63884711
42.01084234,-93.63883906
42.01083446,-93.63883462
42.01082507,-93.63883705
42.01081665,-93.63884065
42.01080789,-93.6388456
42.01079846,-93.63885038
42.01079037,-93.63885297
42.01078073,-93.63885566
42.01077176,-93.63885683
42.01076543,-93.63885624
42.01076124,-93.63885742
42.01075864,-93.63886161
42.01075362,-93.63886789
42.01074511,-93.63887242
42.01073685,-93.63887267
42.01073078,-93.63886974
42.01072583,-93.63886647
42.01072093,-93.63886069
42.01071539,-93.63885113
42.01070756,-93.63883873
42.01069842,-93.63882666
42.01069042,-93.63881609
42.01068208,-93.6388062
42.01067449,-93.63879757
42.01066732,-93.63878936
42.0106589,-93.63878022
42.01065014,-93.63877217
42.01064088,-93.63876496
42.0106304,-93.638757
42.01061976,-93.63874963
42.01060865,-93.6387415
42.01059738,-93.63873236
42.01058765,-93.6387223
42.01057839,-93.63871157
42.01056988,-93.63870109
42.01054059,-93.63866379
42.01054059,-93.63866379
42.01054059,-93.63866379
42.01044902,-93.63882037
42.01044902,-93.63882037
42.01044902,-93.63882037
42.01041763,-93.63885951
42.01040376,-93.63886245
42.01038871,-93.63886253
42.01037371,-93.63886387
42.01035807,-93.63886278
42.01034127,-93.63885809
42.0103183,-93.63884518
42.01029915,-93.63883361
42.01028536,-93.63882523
42.01027652,-93.63881811
42.01027048,-93.63881165
42.01027048,-93.63881165
42.01027048,-93.63881165
42.01027048,-93.63881165
42.01025527,-93.6387938
42.01025116,-93.63879388
42.0102476,-93.63879103
42.0102476,-93.63879103
42.0102476,-93.63879103
42.0102476,-93.63879103
42.0102476,-93.63879103
42.0102476,-93.63879103
42.0102476,-93.63879103
42.0102476,-93.63879103
42.0102476,-93.63879103
42.01023842,-93.6387824
42.01021579,-93.63875273
42.01021579,-93.63875273
42.01021579,-93.63875273
42.01021579,-93.63875273
42.0102111,-93.63875088
42.0102111,-93.63875088
42.01020565,-93.63875164
42.01020502,-93.63875021
42.0102111,-93.63875004
42.0102248,-93.63875197
42.01023842,-93.63875608
42.01024911,-93.63876337
42.01025397,-93.63876924
42.01025397,-93.63876924
42.01025397,-93.63876924
42.01025397,-93.63876924
42.01025397,-93.63876924
42.01025397,-93.63876924
42.01025397,-93.63876924
42.01025397,-93.63876924
42.01025397,-93.63876924
42.01025397,-93.63876924
42.01025397,-93.63876924
42.01025397,-93.63876924
42.01025397,-93.63876924
42.01025397,-93.63876924
42.01025397,-93.63876924
42.01025397,-93.63876924
42.01025397,-93.63876924
42.01025397,-93.63876924
42.01025397,-93.63876924
42.01025397,-93.63876924
42.01025397,-93.63876924
42.01025397,-93.63876924
42.01025397,-93.63876924
42.01025397,-93.63876924
42.0102712,-93.63878835
42.01027275,-93.63877871
42.01027719,-93.63877226
42.0102743,-93.63875784
42.0102678,-93.63874879
42.01025682,-93.63874108
42.01024634,-93.63873789
42.01023649,-93.63874233
42.01022836,-93.63875122
42.01022204,-93.63876153
42.01021701,-93.63877268
42.01021269,-93.63878466
42.01020812,-93.63879464
42.0102036,-93.63880419
42.0101984,-93.63881215
42.01019291,-93.63881861
42.01018583,-93.63882557
42.01017778,-93.63883059
42.01016743,-93.63883286
42.01015808,-93.63883152
42.01015054,-93.63882406
42.01014392,-93.63881584
42.01013973,-93.63881257
42.01013474,-93.63880947
42.01012816,-93.63880553
42.01012242,-93.63880092
42.01011542,-93.63879296
42.01010771,-93.63878257
42.01010092,-93.6387767
42.01009677,-93.63877402
42.01009677,-93.63877402
42.01009677,-93.63877402
42.01009677,-93.63877402
42.01009677,-93.63877402
42.01009677,-93.63877402
42.01009677,-93.63877402
42.01009471,-93.63878542
42.01010008,-93.63878701
42.01010733,-93.63879112
42.01011466,-93.63879908
42.01012124,-93.63880687
42.01012686,-93.63881375
42.01013424,-93.63882062
42.01014299,-93.63882749
42.01015167,-93.63883504
42.01015967,-93.638843
42.01016692,-93.63885297
42.01016692,-93.63885297
42.01017723,-93.63886454
42.01018407,-93.63887217
42.01019383,-93.63888105
42.01020385,-93.63889162
42.01020942,-93.63890234
42.01021261,-93.63891475
42.01019974,-93.63897175
42.01019974,-93.63897175
42.01019974,-93.63897175
42.00999271,-93.63897258
42.00999183,-93.63901416
42.00998156,-93.63904081
42.00996991,-93.6390611
42.00995658,-93.63907853
42.00994371,-93.63909437
42.00993064,-93.63910913
42.00991794,-93.63912161
42.00990595,-93.63913226
42.00989523,-93.63914173
42.00988374,-93.63914936
42.00987502,-93.63915447
42.00986786,-93.63915699
42.00985981,-93.639159
42.00985277,-93.63916227
42.00984401,-93.63916746
42.00983475,-93.63917333
42.00982695,-93.63918146
42.00982142,-93.63918984
42.00981648,-93.63919873
42.00980998,-93.6392103
42.0098029,-93.6392227
42.00979695,-93.63923511
42.00979246,-93.63924835
42.00978844,-93.63926193
42.00978404,-93.63927727
42.00978027,-93.63929118
42.00977637,-93.63930216
42.00977247,-93.63931264
42.00977008,-93.63932278
42.00976028,-93.6393574
42.00976028,-93.6393574
42.00976028,-93.6393574
42.00976028,-93.6393574
42.00977092,-93.63942571
42.00976996,-93.63942931
42.00976631,-93.63943552
42.00976371,-93.63944138
42.00976086,-93.63944608
42.00975701,-93.63945086
42.0097542,-93.6394532
42.00975143,-93.63945446
42.00974678,-93.63945438
42.00974364,-93.63945278
42.00974016,-93.63945127
42.00973383,-93.63945035
42.00972398,-93.6394491
42.00971401,-93.63944775
42.0097047,-93.6394475
42.00969293,-93.63944583
42.00967968,-93.63944063
42.00966845,-93.63943585
42.00966057,-93.63943527
42.00965408,-93.63943795
42.009648,-93.63944147
42.00963983,-93.63944298
42.00962847,-93.63944063
42.0096159,-93.63943728
42.00960726,-93.63943359
42.00960018,-93.63943141
42.00959264,-93.639432
42.00958371,-93.63943527
42.00957411,-93.63943812
42.00956577,-93.63944113
42.00955848,-93.63944172
42.0095509,-93.63944189
42.00954205,-93.63944314
42.00953237,-93.63944449
42.00952177,-93.63944734
42.00951297,-93.63944884
42.00950568,-93.63944968
42.00949788,-93.63945019
42.00948967,-93.63945136
42.009482,-93.6394548
42.00947621,-93.63945865
42.00946804,-93.63946368
42.00945903,-93.63946619
42.0094517,-93.6394651
42.00944373,-93.63946301
42.00943623,-93.63946251
42.00942999,-93.63946477
42.00942513,-93.63946795
42.00941892,-93.63947231
42.00941029,-93.63947676
42.00940078,-93.63947835
42.00939017,-93.63947726
42.00938007,-93.63947592
42.00936348,-93.6394755
42.00936348,-93.6394755
42.00936348,-93.6394755
42.00936348,-93.6394755
42.00935924,-93.63948153
42.00935924,-93.63948153
42.00935924,-93.63948153
42.00935924,-93.63948153
42.00935924,-93.63948153
42.00935924,-93.63948153
42.00935924,-93.63948153
42.00935924,-93.63948153
42.00936046,-93.63948396
42.00936046,-93.63948396
42.00936046,-93.63948396
42.00936046,-93.63948396
42.00936046,-93.63948396
42.00936046,-93.63948396
42.00935124,-93.63948422
42.00934479,-93.63947986
42.0093398,-93.63946938
42.00933251,-93.63945932
42.00932245,-93.6394496
42.00931117,-93.63944432
42.00930313,-93.63944231
42.00929584,-93.63944189
42.00928745,-93.63944214
42.00927882,-93.6394382
42.00926859,-93.63943166
42.00925791,-93.63942638
42.00924756,-93.63942076
42.00924043,-93.6394154
42.00923247,-93.63940945
42.00922375,-93.63940668
42.0092147,-93.63941004
42.00920699,-93.63941423
42.00919949,-93.63941724
42.00919131,-93.63942001
42.00918301,-93.63942294
42.0091769,-93.63942663
42.0091704,-93.63943359
42.00916315,-93.63943971
42.00915892,-93.63944423
42.00913503,-93.63946837
42.00913503,-93.63946837
42.00913503,-93.63946837
42.00902665,-93.63964817
42.00907648,-93.6396216
42.00907648,-93.6396216
42.00910406,-93.63962092
42.00911831,-93.63962679
42.00912933,-93.63963241
42.00914211,-93.63963777
42.00915619,-93.63964573
42.00916797,-93.63964976
42.00917832,-93.63965152
42.00918867,-93.63965051
42.00919936,-93.63964993
42.00920904,-93.63964791
42.00921784,-93.63964666
42.00922941,-93.63964573
42.00924077,-93.63964448
42.00924982,-93.63964247
42.00925652,-93.63963962
42.00926356,-93.63963928
42.00927149,-93.63963995
42.00927807,-93.63964138
42.00928414,-93.63964154
42.00928817,-93.63964071
42.00929164,-93.63964037
42.00929466,-93.63963735
42.00929961,-93.63963593
42.00930652,-93.63963434
42.0093144,-93.63963308
42.00932228,-93.63963266
42.0093292,-93.63963266
42.00933691,-93.63963283
42.0093442,-93.63963358
42.00934856,-93.63963568
42.00935375,-93.63964045
42.00936134,-93.63964515
42.00936754,-93.63965051
42.00937412,-93.63965537
42.00938095,-93.6396625
42.00938657,-93.63966853
42.0093895,-93.63967239
42.00939809,-93.6396894
42.00939809,-93.6396894
42.00939809,-93.6396894
42.00939809,-93.6396894
42.00939788,-93.63969611
42.00939893,-93.63970625
42.00940036,-93.63971656
42.00940224,-93.63972494
42.00940371,-93.63973542
42.00940497,-93.63974699
42.00940534,-93.63975772
42.00940463,-93.63976887
42.00940266,-93.63977716
42.00940065,-93.63978462
42.00939763,-93.63979376
42.00939378,-93.63980373
42.00938866,-93.6398127
42.00938565,-93.63981664
42.00937932,-93.63982167
42.00937182,-93.63982871
42.00936448,-93.63983802
42.00935891,-93.6398474
42.00935497,-93.63985369
42.00934981,-93.63986199
42.0093437,-93.63987154
42.00934009,-93.63988043
42.00933544,-93.63988923
42.00932991,-93.63989644
42.00932299,-93.63990163
42.00931511,-93.63990675
42.0093061,-93.63991203
42.00929902,-93.6399158
42.0092942,-93.63991907
42.00928967,-93.63992351
42.00928511,-93.63992946
42.00928196,-93.6399619
42.00928196,-93.6399619
42.00928196,-93.6399619
42.00893361,-93.64027907
42.00893608,-93.64029097
42.00893952,-93.64029977
42.00894568,-93.64031076
42.00895021,-93.64032266
42.00895532,-93.64033238
42.00895964,-93.64034428
42.00896387,-93.64035736
42.00896668,-93.64037245
42.00896701,-93.64038443
42.0089637,-93.64039114
42.00895645,-93.64039424
42.00894665,-93.64039524
42.00893604,-93.64039818
42.00892573,-93.64040262
42.00891651,-93.64040589
42.00890566,-93.64040799
42.0088938,-93.64040949
42.00888177,-93.64041033
42.00887079,-93.64041125
42.00885998,-93.64041486
42.00885042,-93.64042131
42.00884242,-93.64042693
42.00883466,-93.64043187
42.00882632,-93.6404364
42.00881635,-93.64043908
42.00880595,-93.64044034
42.00879669,-93.64043766
42.00878684,-93.64043263
42.00877632,-93.6404276
42.00876555,-93.64042366
42.00875424,-93.64042114
42.00874405,-93.64041729
42.00873295,-93.64041293
42.00872276,-93.64041042
42.00871338,-93.64040882
42.00870319,-93.64040648
42.00869368,-93.64040379
42.00868257,-93.64040128
42.00867373,-93.64039918
42.00866732,-93.64039449
42.00866036,-93.64038586
42.00865454,-93.64037513
42.00865047,-93.6403623
42.00864712,-93.64034755
42.00864481,-93.64033506
42.00864465,-93.64032584
42.00864465,-93.64031486
42.00864414,-93.64029977
42.00864494,-93.64028402
42.00864532,-93.64027069
42.00864775,-93.64025745
42.00865135,-93.64024454
42.00867029,-93.64021805
42.00867029,-93.64021805
42.00867029,-93.64021805
42.00867029,-93.64021805
42.00871799,-93.64020104
42.00870646,-93.64017354
42.00870646,-93.64017354
42.00872666,-93.64016659
42.00873354,-93.6401603
42.00873354,-93.6401603
42.00873982,-93.64016189
42.00873693,-93.64016801
42.00873337,-93.64017899
42.00873307,-93.64018779
42.00873307,-93.64018779
42.00873525,-93.64019115
42.00873752,-93.64018712
42.00873752,-93.64018712
42.00873752,-93.64018712
42.00873752,-93.64018712
42.00873752,-93.64018712
42.00873752,-93.64018712
42.00873752,-93.64018712
42.00873752,-93.64018712
42.00873752,-93.64018712
42.00873752,-93.64018712
42.00873752,-93.64018712
42.00873752,-93.64018712
42.00873752,-93.64018712
42.00873752,-93.64018712
42.00873752,-93.64018712
42.00873752,-93.64018712
42.00873752,-93.64018712
42.00873752,-93.64018712
42.00873752,-93.64018712
42.00873752,-93.64018712
42.00873752,-93.64018712
42.00873752,-93.64018712
42.00873752,-93.64018712
42.00873752,-93.64018712
42.00873752,-93.64018712
42.00873752,-93.64018712
42.00873752,-93.64018712
42.00873752,-93.64018712
42.00873752,-93.64018712
42.00873752,-93.64018712
42.00873752,-93.64018712
42.00873752,-93.64018712
42.00873752,-93.64018712
42.00873752,-93.64018712
42.00873752,-93.64018712
42.00873752,-93.64018712
42.00873752,-93.64018712
42.00873752,-93.64018712
42.00873752,-93.64018712
42.00873752,-93.64018712
42.00873752,-93.64018712
42.00873752,-93.64018712
42.00873752,-93.64018712
42.00873752,-93.64018712
42.00873752,-93.64018712
42.00873752,-93.64018712
42.00873752,-93.64018712
42.00873752,-93.64018712
42.00873752,-93.64018712
42.00876212,-93.64019542
42.00876212,-93.64019542
42.00877415,-93.64019576
42.00877729,-93.64019643
42.00877729,-93.64019643
42.00877729,-93.64019643
42.00877729,-93.64019643
42.00877729,-93.64019643
42.00877729,-93.64019643
42.00877729,-93.64019643
42.00877729,-93.64019643
42.00877729,-93.64019643
42.00877729,-93.64019643
42.00877729,-93.64019643
42.00877729,-93.64019643
42.00877729,-93.64019643
42.00877729,-93.64019643
42.00877729,-93.64019643
42.00877729,-93.64019643
42.00877729,-93.64019643
42.00877729,-93.64019643
42.00877729,-93.64019643
42.00877729,-93.64019643
42.00877729,-93.64019643
42.00877729,-93.64019643
42.00878525,-93.64018888
42.00878718,-93.64018645
42.00878865,-93.64018746
42.00879527,-93.64018394
42.0087977,-93.64018285
42.0087977,-93.64018285
42.0087977,-93.64018285
42.0087977,-93.64018285
42.0087977,-93.64018285
42.0087977,-93.64018285
42.0087977,-93.64018285
42.0087977,-93.64018285
42.0087977,-93.64018285
42.0087977,-93.64018285
42.0087977,-93.64018285
42.0087977,-93.64018285
42.0087977,-93.64018285
42.0087977,-93.64018285
42.0087977,-93.64018285
42.0087977,-93.64018285
42.0087977,-93.64018285
42.0087977,-93.64018285
42.00879753,-93.64018721
42.00879166,-93.6401857
42.00878592,-93.64019299
42.00877666,-93.64020221
42.00877666,-93.64020221
42.00877063,-93.64020665
42.00877063,-93.64020665
42.00877063,-93.64020665
42.00876979,-93.64020783
42.00876979,-93.64020783
42.00876979,-93.64020783
42.00876979,-93.64020783
42.00876979,-93.64020783
42.0087723,-93.64020531
42.0087723,-93.64020531
42.0087723,-93.64020531
42.0087723,-93.64020531
42.0087723,-93.64020531
42.0087723,-93.64020531
42.0087723,-93.64020531
42.0087723,-93.64020531
42.0087723,-93.64020531
42.00877255,-93.64019601
42.00877218,-93.64018813
42.00877218,-93.64018813
42.00877218,-93.64018813
42.00877218,-93.64018813
42.00877218,-93.64018813
42.00877218,-93.64018813
42.00877218,-93.64018813
42.00877218,-93.64018813
42.00877218,-93.64018813
42.00877218,-93.64018813
42.00877218,-93.64018813
42.00877218,-93.64018813
42.00877218,-93.64018813
42.00877218,-93.64018813
42.00877218,-93.64018813
42.00877218,-93.64018813
42.00877218,-93.64018813
42.00877218,-93.64018813
42.00877218,-93.64018813
42.00877218,-93.64018813
42.00877218,-93.64018813
42.00877218,-93.64018813
42.00877218,-93.64018813
42.00877218,-93.64018813
42.00877218,-93.64018813
42.00877218,-93.64018813
42.00877218,-93.64018813
42.00877218,-93.64018813
42.00877138,-93.64018553
42.00877138,-93.64018553
42.00877138,-93.64018553
42.00877138,-93.64018553
42.00877138,-93.64018553
42.00877138,-93.64018553
42.00877138,-93.64018553
42.00877628,-93.64017245
42.00877628,-93.64017245
42.00877628,-93.64017245
42.00877628,-93.64017245
42.00877628,-93.64017245
42.00877628,-93.64017245
42.00877628,-93.64017245
42.00877628,-93.64017245
42.00877641,-93.64016122
42.00877641,-93.64016122
42.00877641,-93.64016122
42.00877641,-93.64016122
42.00877641,-93.64016122
42.00877641,-93.64016122
42.00877641,-93.64016122
42.00877444,-93.64014831
42.00877012,-93.64014328
42.00876991,-93.64014773
42.00876991,-93.64014773
42.00876991,-93.64014773
42.00876991,-93.64014773
42.00876991,-93.64014773
42.00876991,-93.64014773
42.00876991,-93.64014773
42.00876991,-93.64014773
42.00876991,-93.64014773
42.00876991,-93.64014773
42.00875302,-93.64015477
42.00875252,-93.64014639
42.00875026,-93.64013876
42.00874544,-93.64013088
42.00874016,-93.64011663
42.00873831,-93.64011546
42.00873831,-93.64011546
42.00874213,-93.64010825
42.0087438,-93.64010138
42.0087438,-93.64010138
42.0087438,-93.64010138
42.00874074,-93.64009065
42.00873538,-93.64008964
42.00873341,-93.64008646
42.00873706,-93.64008101
42.00873706,-93.64008101
42.00873706,-93.64008101
42.00873706,-93.64008101
42.00873706,-93.64008101
42.00873706,-93.64008101
42.00873898,-93.64005678
42.00873898,-93.64005678
42.00873898,-93.64005678
42.00873898,-93.64005678
42.008741,-93.64003901
42.00874049,-93.64002745
42.00873869,-93.64001663
42.0087376,-93.64000842
42.00873588,-93.64000197
42.0087337,-93.63999492
42.0087337,-93.63999492
42.00872947,-93.63998763
42.00872947,-93.63998763
42.00872947,-93.63998763
42.00872947,-93.63998763
42.00871241,-93.6399873
42.00871241,-93.6399873
42.00871241,-93.6399873
42.00871241,-93.6399873
42.00871149,-93.63996567
42.00871413,-93.6399614
42.00871677,-93.63995763
42.00871677,-93.63995763
42.00871677,-93.63995763
42.00871677,-93.63995763
42.00871677,-93.63995763
42.00871677,-93.63995763
42.00871677,-93.63995763
42.00871677,-93.63995763
42.00871677,-93.63995763
42.00872327,-93.63995184
42.0087267,-93.63994807
42.00872897,-93.63994472
42.00873274,-93.63993952
42.00873613,-93.63993533
42.00873869,-93.63993164
42.00874204,-93.63992812
42.00874498,-93.63992611
42.00874984,-93.63992393
42.00875457,-93.639921
42.00875734,-93.63991924
42.0087599,-93.63991848
42.0087599,-93.63991848
42.0087599,-93.63991848
42.0087599,-93.63991848
42.00876501,-93.63992309
42.00876727,-93.63992812
42.0087692,-93.63993307
42.00877037,-93.6399381
42.00877289,-93.63994287
42.00877536,-93.63994547
42.00877792,-93.63994941
42.00877792,-93.63994941
42.00877792,-93.63994941
42.00877792,-93.63994941
42.00877792,-93.63994941
42.00877792,-93.63994941
42.00877792,-93.63994941
42.00877792,-93.63994941
42.00877792,-93.63994941
42.00877792,-93.63994941
42.00877792,-93.63994941
42.00877792,-93.63994941
42.00877792,-93.63994941
42.00877792,-93.63994941
42.00877792,-93.63994941
42.00877792,-93.63994941
42.00877792,-93.63994941
42.00878387,-93.63995704
42.00878672,-93.63996115
42.00878819,-93.63996333
42.00878999,-93.63996249
42.00878999,-93.63996249
42.00879204,-93.63996215
42.00879305,-93.63996609
42.00879305,-93.63996609
42.00879594,-93.63997389
42.00879829,-93.63997808
42.00880055,-93.6399826
42.00880168,-93.6399852
42.0088021,-93.63999099
42.00880327,-93.63999467
42.00880327,-93.63999467
42.00880604,-93.63999224
42.00880604,-93.63999224
42.00881509,-93.6399847
42.00882243,-93.63998428
42.00883035,-93.63998378
42.0088386,-93.63998202
42.0088451,-93.63998151
42.00884799,-93.63998353
42.00884954,-93.6399852
42.00885524,-93.63999425
42.00886048,-93.64001194
42.00886257,-93.64002032
42.0088619,-93.6400215
42.00886245,-93.64002309
42.00886551,-93.64002191
42.00886781,-93.64001881
42.00887058,-93.64001622
42.00887297,-93.64001462
42.0088754,-93.64001437
42.0088754,-93.64001437
42.00887632,-93.64001454
42.0088767,-93.64001286
42.00887741,-93.64001328
42.00887494,-93.64001848
42.00887142,-93.64002217
42.00887142,-93.64002217
42.00885931,-93.64002803
42.00886027,-93.64003675
42.00886241,-93.64004362
42.00886438,-93.64004798
42.00886727,-93.64004999
42.00887071,-93.64005427
42.00886819,-93.64008671
42.00886819,-93.64008671
42.00886819,-93.64008671
42.00886819,-93.64008671
42.00881383,-93.64016843
42.00881467,-93.6401712
42.0088171,-93.64016801
42.00881748,-93.64017975
42.00881375,-93.64019777
42.00880927,-93.640209
42.00881077,-93.6402183
42.00881589,-93.64022803
42.00882125,-93.64023574
42.00882867,-93.64024395
42.00883709,-93.64025091
42.00884677,-93.64025652
42.00885641,-93.64026273
42.0088632,-93.64027052
42.00886798,-93.6402758
42.00887138,-93.64027807
42.00887699,-93.64028041
42.00888382,-93.64028175
42.00889049,-93.64028268
42.00889644,-93.64028293
42.00890553,-93.64028284
42.00891551,-93.64028368
42.00892263,-93.64028578
42.00892879,-93.64028729
42.00893432,-93.64028678
42.00894074,-93.64028511
42.00894761,-93.64028368
42.00896601,-93.64028175
42.00897996,-93.64028385
42.00898587,-93.64028594
42.00899342,-93.64028586
42.00900318,-93.64028108
42.00901269,-93.64027262
42.00902041,-93.64026482
42.00902808,-93.64025879
42.00903646,-93.6402525
42.00904547,-93.64024521
42.00905301,-93.64023297
42.00905821,-93.64018385
42.00905821,-93.64018385
42.00905821,-93.64018385
42.00893939,-93.64018519
42.00894174,-93.64017069
42.00895017,-93.64014337
42.00894887,-93.64011143
42.00894656,-93.64009081
42.00894434,-93.64006751
42.00894095,-93.64004631
42.00893554,-93.64002611
42.00893185,-93.64000817
42.00892854,-93.63999157
42.00892749,-93.6399759
42.00892716,-93.63996374
42.00892628,-93.63995234
42.0089264,-93.63993826
42.00892783,-93.63992343
42.00893005,-93.63991027
42.00893206,-93.63989795
42.00893156,-93.63988663
42.00892892,-93.63987431
42.00892531,-93.63986459
42.00892129,-93.63985981
42.0089153,-93.63985486
42.00890704,-93.63984942
42.00889761,-93.6398417
42.00888973,-93.63983232
42.00888655,-93.63982611
42.00888269,-93.63981664
42.008878,-93.63980172
42.00887519,-93.6397915
42.00887519,-93.63978496
42.00887603,-93.63977691
42.00887745,-93.63976744
42.00887745,-93.63976744
42.00887745,-93.63976744
42.00899941,-93.63964423
42.00901001,-93.63963559
42.00898109,-93.63964171
42.0089689,-93.63964364
42.00896395,-93.63963777
42.00896303,-93.63963417
42.00896529,-93.63962922
42.00896651,-93.63962604
42.00896588,-93.63962185
42.00896605,-93.6396169
42.00896613,-93.63961405
42.00896986,-93.63961212
42.00897217,-93.6396138
42.00897095,-93.63961707
42.00896777,-93.6396216
42.00895989,-93.63962838
42.00895,-93.63963635
42.00894224,-93.63964448
42.00893504,-93.63965353
42.00892825,-93.63966216
42.00892825,-93.63966216
42.00892825,-93.63966216
42.00892825,-93.63966216
42.00892825,-93.63966216
42.00892825,-93.63966216
42.00892825,-93.63966216
42.00892825,-93.63966216
42.00892825,-93.63966216
42.00890608,-93.63965864
42.00890608,-93.63965864
42.00890608,-93.63965864
42.00890608,-93.63965864
42.00890608,-93.63965864
42.00890608,-93.63965864
42.00890608,-93.63965864
42.00888156,-93.63964138
42.00888688,-93.63966887
42.00888688,-93.63966887
42.00889652,-93.63967566
42.00890541,-93.63967432
42.00891572,-93.63967365
42.00892133,-93.63966879
42.00892414,-93.63966719
42.00892745,-93.63966585
42.00893344,-93.63966032
42.00893747,-93.63965512
42.00894023,-93.63965462
42.00894023,-93.63965462
42.0089479,-93.63965722
42.00895402,-93.63965487
42.00896182,-93.63965261
42.00896861,-93.63965118
42.00897699,-93.63965068
42.00898537,-93.63965043
42.00899212,-93.63964951
42.00899777,-93.639648
42.00900188,-93.63964716
42.00900565,-93.63964339
42.00901228,-93.63963693
42.00901835,-93.63962939
42.00902552,-93.63962076
42.00903327,-93.63961036
42.00904228,-93.63959947
42.00905004,-93.6395879
42.00905771,-93.63957608
42.00906382,-93.63956544
42.00906961,-93.63955672
42.00907627,-93.63954767
42.00908268,-93.6395397
42.00908666,-93.63953191
42.00909283,-93.63952101
42.00909928,-93.63950844
42.00910485,-93.63949469
42.00911051,-93.63948011
42.00911529,-93.63946502
42.00911956,-93.6394496
42.00912124,-93.63943594
42.00912049,-93.6394232
42.00911914,-93.63941138
42.00911935,-93.63940132
42.00912258,-93.63938958
42.00912656,-93.6393786
42.00912916,-93.63937173
42.00914714,-93.63935061
42.00933251,-93.63943292
42.00933552,-93.63943778
42.00936364,-93.63943552
42.00937613,-93.63942328
42.00938376,-93.63942429
42.00938946,-93.63942378
42.00939814,-93.63942395
42.00940907,-93.6394237
42.0094185,-93.63942563
42.00942517,-93.63942789
42.00943217,-93.63942848
42.00944097,-93.63942688
42.00944927,-93.63942789
42.00945773,-93.63942982
42.00946553,-93.63943158
42.0094719,-93.63943267
42.00947735,-93.63943409
42.00948413,-93.63943434
42.0094908,-93.63943451
42.00949972,-93.63943258
42.00950844,-93.63942814
42.00951624,-93.63942185
42.00952374,-93.63941171
42.00953086,-93.63939989
42.0095369,-93.63939059
42.00954231,-93.63938204
42.00954721,-93.63937223
42.00955274,-93.63935899
42.00955806,-93.6393455
42.00979531,-93.63884426
42.00976283,-93.63885423
42.00973861,-93.63885901
42.00972226,-93.63886454
42.00972226,-93.63886454
42.00972226,-93.63886454
42.00972226,-93.63886454
42.00972226,-93.63886454
42.00972226,-93.63886454
42.00972226,-93.63886454
42.00972226,-93.63886454
42.00972226,-93.63886454
42.00972226,-93.63886454
42.00972226,-93.63886454
42.00972226,-93.63886454
42.00972226,-93.63886454
42.00972226,-93.63886454
42.00972226,-93.63886454
42.00969875,-93.63886756
42.0096941,-93.63886924
42.0096941,-93.63886924
42.0096941,-93.63886924
42.00969159,-93.63886395
42.00969435,-93.6388632
42.00969435,-93.6388632
42.0096936,-93.63886496
42.00968836,-93.63885893
42.00968157,-93.63885415
42.00967139,-93.63885256
42.0096612,-93.63885633
42.00965563,-93.63886211
42.00965366,-93.63886404
42.00965173,-93.63886496
42.00965018,-93.63886605
42.0096472,-93.63886538
42.00964427,-93.63886337
42.00964427,-93.63886337
42.00964113,-93.63886404
42.00964113,-93.63886404
42.00964234,-93.63886789
42.00964406,-93.63887074
42.00964616,-93.63887125
42.00964616,-93.63887125
42.00964616,-93.63887125
42.0096555,-93.63886429
42.0096555,-93.63886429
42.00966015,-93.63885792
42.00966015,-93.63885792
42.00966321,-93.63886119
42.00966271,-93.63886664
42.00966271,-93.63886664
42.00966439,-93.63887904
42.00966074,-93.63887234
42.00966137,-93.63886806
42.00966271,-93.63886823
42.00966791,-93.63886722
42.00966481,-93.63886211
42.00965487,-93.63885205
42.00966376,-93.63884694
42.00966732,-93.63885088
42.00966669,-93.63885088
42.0096573,-93.63884602
42.00965064,-93.63884082
42.00964398,-93.63883839
42.00963061,-93.63882565
42.00961619,-93.63882682
42.00960991,-93.63883764
42.00961099,-93.6388456
42.00961405,-93.63885893
42.00961665,-93.63886856
42.00962403,-93.63886764
42.00963082,-93.6388637
42.00963664,-93.63885826
42.00964352,-93.63885289
42.00964984,-93.63885348
42.00966036,-93.63885314
42.00967549,-93.63885398
42.00968677,-93.63885591
42.00969385,-93.63885641
42.00970135,-93.63885239
42.00971074,-93.63884409
42.00971631,-93.63883437
42.0097218,-93.63882188
42.00972851,-93.63880729
42.00973505,-93.63879757
42.00974309,-93.63878927
42.00975416,-93.63878131
42.00976547,-93.63877452
42.00977771,-93.63876865
42.00979083,-93.6387632
42.00980172,-93.63876094
42.01029211,-93.63834252
42.01026939,-93.63835895
42.01026453,-93.63835752
42.01026508,-93.6383571
42.01026709,-93.63835149
42.01026784,-93.63834419
42.01026939,-93.6383395
42.01027052,-93.63833363
42.01027166,-93.63832768
42.01027275,-93.63832165
42.01027463,-93.6383115
42.01027518,-93.63830513
42.01027572,-93.63830111
42.01027635,-93.63829432
42.01027949,-93.63828535
42.01028192,-93.63827798
42.01028318,-93.63827161
42.01028435,-93.6382644
42.01028574,-93.63825761
42.01028741,-93.63824973
42.01028741,-93.63824973
42.01028871,-93.63823925
42.01029035,-93.63822794
42.01029098,-93.63821612
42.01029043,-93.63820639
42.01028989,-93.63819885
42.01028959,-93.63819005
42.01028989,-93.63818058
42.01029278,-93.63816884
42.010295,-93.63815879
42.01029651,-93.63815325
42.01029781,-93.63814596
42.01029835,-93.63813691
42.01029831,-93.63812811
42.01029781,-93.63811989
42.01029705,-93.63811176
42.01029701,-93.63810179
42.01029718,-93.63809156
42.01029814,-93.63808293
42.01030045,-93.63807463
42.01030175,-93.63806667
42.01030271,-93.63805602
42.01030388,-93.63804462
42.0103059,-93.63803289
42.01030883,-93.63802099
42.0103121,-93.63801017
42.0103152,-93.63799953
42.01031872,-93.63798796
42.01032262,-93.63797656
42.01032614,-93.63796709
42.01032953,-93.63795988
42.01033276,-93.63795192
42.01033653,-93.63794228
42.01034077,-93.63793247
42.01034437,-93.63792242
42.01034898,-93.63791227
42.01035363,-93.63789995
42.01035791,-93.63788713
42.01036231,-93.63787682
42.01036884,-93.63786701
42.01037635,-93.63785871
42.01038515,-93.63785109
42.01039324,-93.63784379
42.01040162,-93.63783667
42.01041092,-93.63782787
42.0104162,-93.63781965
42.01041796,-93.63781605
42.0104175,-93.6378137
42.01041704,-93.63781102
42.01041872,-93.63780817
42.01042253,-93.63780457
42.01042836,-93.63780138
42.01043364,-93.63779861
42.01043741,-93.63779685
42.01044177,-93.63779526
42.01044638,-93.63779283
42.01045279,-93.63778948
42.01045815,-93.63778571
42.01046205,-93.6377811
42.01046662,-93.63777565
42.01047161,-93.6377702
42.01047479,-93.63776509
42.01047898,-93.63776039
42.01048485,-93.63775562
42.01049193,-93.63775218
42.01050078,-93.63774899
42.01050832,-93.63774279
42.0105149,-93.63773558
42.01052068,-93.63772812
42.01052538,-93.63772192
42.01052982,-93.63771345
42.01053426,-93.63770415
42.01053757,-93.63769485
42.0105416,-93.63768286
42.01054642,-93.63767054
42.01055161,-93.63765805
42.01055543,-93.63764732
42.01055828,-93.63764112
42.01056113,-93.63763517
42.01056418,-93.63762863
42.01056691,-93.63761891
42.01056808,-93.63760633
42.010569,-93.63759234
42.01057035,-93.63757817
42.01057219,-93.63756501
42.01057328,-93.63755386
42.01057399,-93.63754406
42.01057391,-93.63753509
42.01057454,-93.63752461
42.01057554,-93.63751271
42.01057701,-93.63750055
42.0105861,-93.63746426
42.0105861,-93.63746426
42.0105861,-93.63746426
42.0105861,-93.63746426
42.0105861,-93.63746426
42.0106006,-93.63741858
42.01060107,-93.63741682
42.01060119,-93.63741732
42.01060119,-93.63741732
42.01060119,-93.63741732
42.0105993,-93.63741791
42.01060555,-93.63741506
42.01061427,-93.63741321
42.01062223,-93.6374128
42.01062223,-93.6374128
42.01062223,-93.6374128
42.01062223,-93.6374128
42.01062223,-93.6374128
42.01062223,-93.6374128
42.01063413,-93.63741397
42.01063589,-93.63740827
42.01063862,-93.63740399
42.01064369,-93.63740022
42.01064855,-93.63739746
42.01065115,-93.6373957
42.01065115,-93.6373957
42.01065035,-93.63739352
42.01065035,-93.63739352
42.01065035,-93.63739352
42.01065035,-93.63739352
42.01065035,-93.63739352
42.01065035,-93.63739352
42.01065035,-93.63739352
42.01065035,-93.63739352
42.01065035,-93.63739352
42.01065035,-93.63739352
42.01065035,-93.63739352
42.01065035,-93.63739352
42.01065035,-93.63739352
42.01065035,-93.63739352
42.01065035,-93.63739352
42.01065035,-93.63739352
42.01065035,-93.63739352
42.01065035,-93.63739352
42.01065035,-93.63739352
42.01065035,-93.63739352
42.01065035,-93.63739352
42.01065035,-93.63739352
42.01065035,-93.63739352
42.01064629,-93.63739687
42.01064771,-93.63739167
42.01064771,-93.63739167
42.01064771,-93.63739167
42.01065064,-93.63738866
42.01065454,-93.63739142
42.01065961,-93.63739151
42.0106659,-93.63738815
42.01067001,-93.63738354
42.01067214,-93.63737977
42.01067214,-93.63737977
42.01067416,-93.63737114
42.01067416,-93.63737114
42.01067416,-93.63737114
42.01067416,-93.63737114
42.01067416,-93.63737114
42.01065961,-93.63736653
42.01065961,-93.63736653
42.01065961,-93.63736653
42.01065961,-93.63736653
42.01065961,-93.63736653
42.01065961,-93.63736653
42.01065559,-93.63735773
42.01065559,-93.63735773
42.01065559,-93.63735773
42.01065559,-93.63735773
42.01065559,-93.63735773
42.01065559,-93.63735773
42.01065559,-93.63735773
42.01065559,-93.63735773
42.01065559,-93.63735773
42.01065559,-93.63735773
42.01065559,-93.63735773
42.01065559,-93.63735773
42.01065559,-93.63735773
42.01065559,-93.63735773
42.01065559,-93.63735773
42.01065559,-93.63735773
42.01065559,-93.63735773
42.01065299,-93.63734951
42.01065467,-93.63734985
42.01066091,-93.63734582
42.01066091,-93.63734582
42.01066091,-93.63734582
42.01066091,-93.63734582
42.01066091,-93.63734582
42.01066091,-93.63734582
42.01066091,-93.63734582
42.01066091,-93.63734582
42.01066091,-93.63734582
42.01066091,-93.63734582
42.01066091,-93.63734582
42.01066091,-93.63734582
42.01066091,-93.63734582
42.01066318,-93.63734415
42.01066318,-93.63734415
42.01066318,-93.63734415
42.01066318,-93.63734415
42.01066318,-93.63734415
42.01066318,-93.63734415
42.01066318,-93.63734415
42.01066318,-93.63734415
42.01066318,-93.63734415
42.01066318,-93.63734415
42.01066318,-93.63734415
42.01066318,-93.63734415
42.01066318,-93.63734415
42.01066318,-93.63734415
42.01066318,-93.63734415
42.01066318,-93.63734415
42.01066318,-93.63734415
42.01066318,-93.63734415
42.01066318,-93.63734415
42.0106625,-93.63734708
42.0106625,-93.63734708
42.0106625,-93.63734708
42.0106625,-93.63734708
42.0106625,-93.63734708
42.0106625,-93.63734708
42.01065848,-93.6373641
42.01065848,-93.6373641
42.01065848,-93.6373641
42.01065848,-93.6373641
42.01065848,-93.6373641
42.01065848,-93.6373641
42.01065848,-93.6373641
42.01065848,-93.6373641
42.01065848,-93.6373641
42.01065848,-93.6373641
42.01065848,-93.6373641
42.01065848,-93.6373641
42.01065848,-93.6373641
42.01065848,-93.6373641
42.01065848,-93.6373641
42.01065848,-93.6373641
42.01065848,-93.6373641
42.01065848,-93.6373641
42.01067273,-93.63736041
42.01067399,-93.63736385
42.01067755,-93.6373698
42.01068379,-93.63737382
42.01069276,-93.63737206
42.01070014,-93.63737038
42.01070718,-93.63737189
42.0107128,-93.63737256
42.01071632,-93.63737441
42.01071632,-93.63737441
42.01071632,-93.63737441
42.01071942,-93.63737776
42.01071942,-93.63737776
42.01071942,-93.63737776
42.01071862,-93.6373791
42.01072294,-93.63738438
42.01072675,-93.6373853
42.01072361,-93.63738379
42.01071841,-93.63738698
42.01071577,-93.6373905
42.01071309,-93.63739318
42.01071309,-93.63739318
42.01071326,-93.63739184
42.01071498,-93.63739125
42.01071498,-93.63739125
42.01071498,-93.63739125
42.01071498,-93.63739125
42.01072445,-93.63738623
42.01072868,-93.63738765
42.01073266,-93.63739025
42.01073731,-93.63739503
42.01074226,-93.63739762
42.01074226,-93.63739762
42.01074226,-93.63739762
42.01074834,-93.63740006
42.01074959,-93.63740081
42.01074959,-93.63740081
42.01074607,-93.63739871
42.01074624,-93.63740265
42.01074624,-93.63740265
42.01074624,-93.63740265
42.01074624,-93.63740265
42.01074624,-93.63740265
42.01074448,-93.63740257
42.01074398,-93.63740659
42.0107431,-93.63741171
42.01074507,-93.63741439
42.01074507,-93.63741439
42.01074507,-93.63741439
42.01074507,-93.63741439
42.01074507,-93.63741439
42.01074725,-93.63741414
42.01074582,-93.63740584
42.01074582,-93.63740584
42.01074582,-93.63740584
42.01074582,-93.63740584
42.01073782,-93.63739243
42.01074628,-93.63739964
42.0107501,-93.6373988
42.0107501,-93.6373988
42.0107501,-93.6373988
42.01074817,-93.63739721
42.01074817,-93.63739721
42.01074817,-93.63739721
42.01074817,-93.63739721
42.01074817,-93.63739721
42.01074817,-93.63739721
42.01074817,-93.63739721
42.01074603,-93.63740827
42.01074813,-93.63741715
42.01074813,-93.63741715
42.01075081,-93.63742436
42.01075437,-93.63742202
42.01075437,-93.63742202
42.01075437,-93.63742202
42.01075437,-93.63742202
42.01075437,-93.63742202
42.01075437,-93.63742202
42.01075437,-93.63742202
42.01075437,-93.63742202
42.01075437,-93.63742202
42.01075437,-93.63742202
42.01075437,-93.63742202
42.01075437,-93.63742202
42.01075437,-93.63742202
42.01075437,-93.63742202
42.01075437,-93.63742202
42.01075437,-93.63742202
42.01075437,-93.63742202
42.01075437,-93.63742202
42.01075437,-93.63742202
42.01075437,-93.63742202
42.01076032,-93.63741623
42.01076032,-93.63741623
42.01076032,-93.63741623
42.01076032,-93.63741623
42.01076032,-93.63741623
42.01076032,-93.63741623
42.01076032,-93.63741623
42.01076032,-93.63741623
42.01076032,-93.63741623
42.01076032,-93.63741623
42.01076032,-93.63741623
42.01076032,-93.63741623
42.01076694,-93.6374159
42.01076489,-93.63741665
42.01076745,-93.6374164
42.01076745,-93.6374164
42.01076745,-93.6374164
42.01076745,-93.6374164
42.01076745,-93.6374164
42.01076745,-93.6374164
42.01076745,-93.6374164
42.01076745,-93.6374164
42.01076745,-93.6374164
42.01076745,-93.6374164
42.01076745,-93.6374164
42.01076745,-93.6374164
42.01076745,-93.6374164
42.01076745,-93.6374164
42.01076745,-93.6374164
42.01076745,-93.6374164
42.01076745,-93.6374164
42.01076745,-93.6374164
42.01076745,-93.6374164
42.01076405,-93.63739821
42.01075554,-93.63738254
42.01075307,-93.63737407
42.01074959,-93.6373672
42.01074905,-93.63735865
42.01075613,-93.63734574
42.01075613,-93.63734574
42.01075613,-93.63734574
42.01075613,-93.63734574
42.01073153,-93.63736435
42.0107213,-93.63736041
42.01072587,-93.63735488
42.01073161,-93.6373553
42.01073647,-93.63735513
42.01074381,-93.63735706
42.01074989,-93.63735848
42.010755,-93.6373594
42.01075936,-93.637362
42.01076317,-93.63736862
42.01076317,-93.63736862
42.01076317,-93.63736862
42.01076317,-93.63736862
42.01076317,-93.63736862
42.01076317,-93.63736862
42.01076317,-93.63736862
42.01076317,-93.63736862
42.01077369,-93.63737022
42.01077788,-93.63736837
42.01078174,-93.63736653
42.01078656,-93.63736385
42.01078987,-93.63736066
42.01079213,-93.6373584
42.01079578,-93.63735563
42.01080244,-93.63735379
42.01081095,-93.63735203
42.01081883,-93.63734867
42.01082549,-93.63734582
42.01083404,-93.63734415
42.01084091,-93.63734197
42.01084515,-93.63733862
42.01084938,-93.63733149
42.01085453,-93.6373216
42.01085994,-93.63731137
42.01086556,-93.63730593
42.010871,-93.63730534
42.010871,-93.63730534
42.010871,-93.63730534
42.010871,-93.63730534
42.010871,-93.63730534
42.010871,-93.63730534
42.01087708,-93.63729863
42.01087708,-93.63729863
42.01087708,-93.63729863
42.01087708,-93.63729863
42.01087708,-93.63729863
42.01087708,-93.63729863
42.01087708,-93.63729863
42.01087708,-93.63729863
42.01087708,-93.63729863
42.01087708,-93.63729863
42.01087708,-93.63729863
42.01087708,-93.63729863
42.01087708,-93.63729863
42.01087708,-93.63729863
42.01087708,-93.63729863
42.01087708,-93.63729863
42.01087708,-93.63729863
42.01087708,-93.63729863
42.01087708,-93.63729863
42.01087708,-93.63729863
42.01087708,-93.63729863
42.01087557,-93.63729671
42.01087323,-93.63728975
42.0108705,-93.63728304
42.01086669,-93.63727575
42.01086258,-93.63726771
42.01085759,-93.6372615
42.01085244,-93.63725555
42.01084779,-93.63724952
42.01084393,-93.63724348
42.01084028,-93.63723569
42.01083672,-93.63722906
42.0108337,-93.63722412
42.01083161,-93.63722043
42.01083044,-93.63721725
42.01082901,-93.63721197
42.01082759,-93.63720409
42.01082675,-93.6371973
42.01082654,-93.63718967
42.01082717,-93.63717953
42.01083027,-93.6371719
42.01083358,-93.63716419
42.01083655,-93.63715841
42.01083844,-93.63715338
42.01084355,-93.63714835
42.01084812,-93.63714432
42.01084913,-93.63714374
42.0108503,-93.63714424
42.01085277,-93.63715086
42.01085231,-93.63716343
42.01085168,-93.63717048
42.01085106,-93.63717374
42.01085106,-93.63717374
42.01085106,-93.63717374
42.01085106,-93.63717374
42.01085106,-93.63717374
42.01085106,-93.63717374
42.01085106,-93.63717374
42.01085106,-93.63717374
42.01085106,-93.63717374
42.0108428,-93.63717802
42.01084515,-93.63718204
42.01084515,-93.63718204
42.01084515,-93.63718204
42.01084515,-93.63718204
42.01084515,-93.63718204
42.01084515,-93.63718204
42.01084515,-93.63718204
42.01084515,-93.63718204
42.01084515,-93.63718204
42.01084745,-93.63718414
42.01085215,-93.6371812
42.01085676,-93.63717752
42.0108617,-93.63717458
42.0108617,-93.63717458
42.0108617,-93.63717458
42.0108617,-93.63717458
42.0108617,-93.63717458
42.01086216,-93.63717659
42.01086216,-93.63717659
42.01086216,-93.63717659
42.01086216,-93.63717659
42.01086216,-93.63717659
42.01086216,-93.63717659
42.01086216,-93.63717659
42.01086216,-93.63717659
42.01086216,-93.63717659
42.01086216,-93.63717659
42.01086216,-93.63717659
42.01086216,-93.63717659
42.01086216,-93.63717659
42.01086287,-93.63717584
42.01086287,-93.63717584
42.01086287,-93.63717584
42.01086287,-93.63717584
42.01086287,-93.63717584
42.01086287,-93.63717584
42.01086287,-93.63717584
42.01086287,-93.63717584
42.01086287,-93.63717584
42.01086287,-93.63717584
42.01086287,-93.63717584
42.01086287,-93.63717584
42.01086287,-93.63717584
42.01086287,-93.63717584
42.01086912,-93.63716511
42.01087096,-93.63716293
42.01087096,-93.63716293
42.01087096,-93.63716293
42.01087096,-93.63716293
42.01087096,-93.63716293
42.01087096,-93.63716293
42.01087096,-93.63716293
42.01087096,-93.63716293
42.01087096,-93.63716293
42.01087096,-93.63716293
42.01087096,-93.63716293
42.01087096,-93.63716293
42.01087096,-93.63716293
42.01087096,-93.63716293
42.01087096,-93.63716293
42.01087096,-93.63716293
42.01087096,-93.63716293
42.01087096,-93.63716293
42.01087096,-93.63716293
42.01087096,-93.63716293
42.01087096,-93.63716293
42.01087096,-93.63716293
42.01087096,-93.63716293
42.01087096,-93.63716293
42.01087096,-93.63716293
42.01087096,-93.63716293
42.01087096,-93.63716293
42.01087096,-93.63716293
42.01087096,-93.63716293
42.01087096,-93.63716293
42.01087096,-93.63716293
42.01087096,-93.63716293
42.0108674,-93.6371543
42.0108674,-93.6371543
42.0108674,-93.6371543
42.0108674,-93.6371543
42.0108674,-93.6371543
42.01086074,-93.63716117
42.0108635,-93.63715882
42.01086564,-93.6371548
42.01086266,-93.63714835
42.01085676,-93.63713896
42.01084925,-93.6371263
42.01083995,-93.63711457
42.01083995,-93.63711457
42.01083995,-93.63711457
42.01082692,-93.63711541
42.01081627,-93.63711155
42.01080529,-93.63709915
42.01079573,-93.63707123
42.01079234,-93.63703955
42.0107954,-93.63702086
42.0107954,-93.63702086
42.01081334,-93.6370087
42.01081338,-93.63699353
42.01081313,-93.63697266
42.01081376,-93.63695296
42.01081522,-93.63694492
42.01081493,-93.63694324
42.01081237,-93.63695456
42.01081237,-93.63695456
42.01081237,-93.63695456
42.01081237,-93.63695456
42.01081237,-93.63695456
42.01081279,-93.63696336
42.01081476,-93.63696763
42.01081573,-93.636973
42.01081451,-93.6369823
42.01081011,-93.63699513
42.01080659,-93.63700376
42.01080361,-93.63700921
42.01080361,-93.63700921
42.01080361,-93.63700921
42.01080361,-93.63700921
42.01080361,-93.63700921
42.01080361,-93.63700921
42.01080361,-93.63700921
42.01080361,-93.63700921
42.01080361,-93.63700921
42.01080361,-93.63700921
42.01080361,-93.63700921
42.01080361,-93.63700921
42.01080361,-93.63700921
42.01080361,-93.63700921
42.01080361,-93.63700921
42.01080361,-93.63700921
42.01080361,-93.63700921
42.01080361,-93.63700921
42.01080361,-93.63700921
42.01080361,-93.63700921
42.01080361,-93.63700921
42.01080361,-93.63700921
42.01080361,-93.63700921
42.01080361,-93.63700921
42.01080361,-93.63700921
42.01080361,-93.63700921
42.01080361,-93.63700921
42.01080361,-93.63700921
42.0108016,-93.63701625
42.01079938,-93.63701616
42.01079938,-93.63701616
42.01079938,-93.63701616
42.01079938,-93.63701616
42.01079926,-93.63701197
42.01079808,-93.63700812
42.01080034,-93.637003
42.01080345,-93.63699798
42.01080479,-93.63698825
42.01080504,-93.63697551
42.01080558,-93.63696286
42.01080688,-93.63695338
42.01080734,-93.63694626
42.0108091,-93.63693721
42.010812,-93.63692665
42.01081501,-93.63691592
42.01081899,-93.63690468
42.01081899,-93.63690468
42.01081899,-93.63690468
42.01082587,-93.6368979
42.01083052,-93.63689278
42.01083559,-93.6368906
42.01083899,-93.63688868
42.01083899,-93.63688868
42.01083899,-93.63688868
42.01083706,-93.6368922
42.01083492,-93.63689303
42.01083492,-93.63689303
42.01083492,-93.63689303
42.01083492,-93.63689303
42.01083492,-93.63689303
42.01083492,-93.63689303
42.01084733,-93.63690745
42.01084506,-93.63690678
42.01083651,-93.63690544
42.01083492,-93.63690158
42.01083492,-93.63690158
42.01083492,-93.63690158
42.01083492,-93.63690158
42.01083492,-93.63690158
42.01083492,-93.63690158
42.01083492,-93.63690158
42.01083492,-93.63690158
42.01083492,-93.63690158
42.01083492,-93.63690158
42.01082277,-93.63690301
42.01082838,-93.63689689
42.01082838,-93.63689689
42.01082754,-93.63689169
42.01082507,-93.63688993
42.01082511,-93.63688583
42.01082729,-93.63688314
42.01082729,-93.63688314
42.0108392,-93.63687929
42.0108392,-93.63687929
42.0108392,-93.63687929
42.0108392,-93.63687929
42.0108392,-93.63687929
42.0108392,-93.63687929
42.01085399,-93.63686747
42.01085541,-93.63685641
42.01085537,-93.63684366
42.01085554,-93.63683302
42.01085642,-93.63682036
42.01085847,-93.63680829
42.01086044,-93.63679572
42.01086111,-93.6367829
42.01085965,-93.63677233
42.01085688,-93.6367627
42.0108542,-93.63675389
42.01085374,-93.63674082
42.01085344,-93.63672783
42.01085248,-93.63671559
42.01146595,-93.63730978
42.0114709,-93.63731414
42.01143641,-93.63731473
42.01141688,-93.63731372
42.01140657,-93.63732495
42.01139936,-93.63733736
42.01139416,-93.63735236
42.01138938,-93.63736544
42.01138653,-93.63737826
42.01138419,-93.63739218
42.01138113,-93.63740601
42.01137828,-93.63742009
42.01137543,-93.63743417
42.011373,-93.63744691
42.01137249,-93.63745823
42.01137358,-93.63747038
42.01137425,-93.6374827
42.01137471,-93.63749695
42.01137459,-93.63750994
42.01137543,-93.6375221
42.01137614,-93.63753308
42.01137648,-93.63754414
42.01137719,-93.6375578
42.01137912,-93.63757021
42.01138176,-93.63758035
42.01138473,-93.6375925
42.01138804,-93.63760307
42.01139219,-93.63761606
42.01139676,-93.63762762
42.01139818,-93.63763693
42.01140091,-93.63764648
42.01140418,-93.63765579
42.01141055,-93.63766526
42.01141797,-93.63767389
42.01142362,-93.63767993
42.0114284,-93.63768906
42.01143142,-93.63769929
42.01143452,-93.63770784
42.01143959,-93.63771765
42.01144604,-93.63772804
42.01145522,-93.63773701
42.01146415,-93.63774547
42.01147484,-93.63775251
42.01148544,-93.63775972
42.01149378,-93.63776525
42.011503,-93.6377723
42.0115118,-93.63777942
42.01151972,-93.63778487
42.01152806,-93.63779023
42.01153732,-93.6377982
42.01154654,-93.63780742
42.01155463,-93.63781513
42.01156218,-93.63782384
42.01156716,-93.63783424
42.01157211,-93.63784782
42.01157668,-93.63786357
42.01157894,-93.63787556
42.01157936,-93.63788696
42.0114639,-93.63785737
42.01143574,-93.63785201
42.01140916,-93.63784924
42.01138804,-93.63785679
42.0113701,-93.63785804
42.01135707,-93.63785603
42.01134823,-93.63785293
42.01134035,-93.6378479
42.01133478,-93.63784413
42.01132845,-93.63783902
42.01132271,-93.63783013
42.01131763,-93.637822
42.0113111,-93.63781136
42.0113111,-93.63781136
42.0113111,-93.63781136
42.0113111,-93.63781136
42.01129965,-93.63779979
42.01129965,-93.63779979
42.01129965,-93.63779979
42.01129965,-93.63779979
42.01129965,-93.63779979
42.01129714,-93.63780616
42.01129898,-93.63780515
42.01129898,-93.63780515
42.01129898,-93.63780515
42.01129898,-93.63780515
42.01129898,-93.63780515
42.01129898,-93.63780515
42.01129576,-93.63780834
42.01129576,-93.63780834
42.01129576,-93.63780834
42.01129576,-93.63780834
42.01129576,-93.63780834
42.01129576,-93.63780834
42.01129576,-93.63780834
42.01129576,-93.63780834
42.01129576,-93.63780834
42.01129576,-93.63780834
42.01129228,-93.6378013
42.01129228,-93.6378013
42.01128972,-93.63780146
42.01128503,-93.6378039
42.01128067,-93.63780532
42.01127765,-93.63780415
42.01127765,-93.63780415
42.01127732,-93.63779861
42.01127853,-93.63779292
42.01127853,-93.63779292
42.01127853,-93.63779292
42.01127853,-93.63779292
42.01127853,-93.63779292
42.01127853,-93.63779292
42.01127853,-93.63779292
42.01127853,-93.63779292
42.01127853,-93.63779292
42.01127853,-93.63779292
42.01127853,-93.63779292
42.01127853,-93.63779292
42.01127853,-93.63779292
42.01127853,-93.63779292
42.01127853,-93.63779292
42.01127853,-93.63779292
42.01127853,-93.63779292
42.0112937,-93.63776769
42.0112937,-93.63776769
42.0112937,-93.63776769
42.0112937,-93.63776769
42.01128201,-93.63776936
42.0112823,-93.63776626
42.01127937,-93.63776601
42.01128205,-93.63775947
42.01128239,-93.63775394
42.01128201,-93.63774941
42.01128063,-93.63774807
42.01127774,-93.63775243
42.01127774,-93.63775243
42.01127774,-93.63775243
42.01127774,-93.63775243
42.01127774,-93.63775243
42.01127774,-93.63775243
42.01127774,-93.63775243
42.01127677,-93.63777305
42.01127468,-93.63777062
42.01127468,-93.63777062
42.01127468,-93.63777062
42.01127468,-93.63777062
42.01127468,-93.63777062
42.01127468,-93.63777062
42.01127468,-93.63777062
42.01127468,-93.63777062
42.01127468,-93.63777062
42.01127426,-93.63774405
42.01127283,-93.63773617
42.01127283,-93.63773617
42.01127283,-93.63773617
42.01127283,-93.63773617
42.01126671,-93.63773282
42.01126558,-93.63773684
42.01126558,-93.63774388
42.0112647,-93.6377495
42.01126328,-93.63775075
42.01126277,-93.63774598
42.01126382,-93.63773625
42.01126403,-93.63772988
42.0112647,-93.63772452
42.0112647,-93.63772452
42.0112647,-93.63772452
42.01125699,-93.63771815
42.01125523,-93.63771597
42.01125523,-93.63771597
42.01125184,-93.63771329
42.01125184,-93.63771329
42.01125184,-93.63771329
42.01125184,-93.63771329
42.01125096,-93.63770499
42.01124932,-93.63770055
42.01124626,-93.63769535
42.01124366,-93.63768948
42.01124345,-93.63768303
42.01124459,-93.63767875
42.01124639,-93.63767817
42.01124744,-93.63768102
42.01124547,-93.63768303
42.01124547,-93.63768303
42.01124547,-93.63768303
42.01124547,-93.63768303
42.0112435,-93.63768806
42.01124094,-93.63768973
42.01123038,-93.6376946
42.01121646,-93.63770247
42.01120578,-93.63770801
42.01119945,-93.63771178
42.01119496,-93.63771639
42.01119496,-93.63771639
42.01119496,-93.63771639
42.01119496,-93.63771639
42.01119496,-93.63771639
42.01119496,-93.63771639
42.01118713,-93.63772502
42.01118625,-93.63773231
42.01118243,-93.6377407
42.01117988,-93.63774891
42.01117908,-93.63776115
42.01118101,-93.63777347
42.01118042,-93.6377847
42.0111813,-93.63779141
42.01118155,-93.63779333
42.01118235,-93.63779317
42.01118331,-93.63779166
42.01118436,-93.63778814
42.01119258,-93.63778981
42.01119886,-93.63779434
42.01119995,-93.63780314
42.01120121,-93.63781152
42.01120427,-93.6378158
42.0112054,-93.63781169
42.01120284,-93.6378054
42.01119681,-93.63780339
42.01119123,-93.63780465
42.011186,-93.63780926
42.01118034,-93.63781395
42.01117611,-93.63781731
42.01117015,-93.63782083
42.01116152,-93.63782451
42.01115385,-93.63782745
42.0111479,-93.63783013
42.01114061,-93.63783516
42.0111308,-93.63785553
42.0111308,-93.63785553
42.0111308,-93.63785553
42.0111308,-93.63785553
42.0111308,-93.63785553
42.01113114,-93.63785444
42.01113114,-93.63785444
42.01113181,-93.63785586
42.01112913,-93.63785645
42.01112493,-93.63785637
42.01112011,-93.6378588
42.01111446,-93.63786374
42.0111111,-93.63786994
42.01110633,-93.63787942
42.01110038,-93.63788855
42.01109392,-93.63789551
42.01108755,-93.63790129
42.01108315,-93.63790817
42.01108085,-93.63791546
42.01108034,-93.63792275
42.01108139,-93.63793113
42.01108256,-93.63793801
42.01108328,-93.63794178
42.01108386,-93.63794739
42.01108575,-93.63795737
42.01108948,-93.6379707
42.01109342,-93.63798486
42.01109811,-93.63799936
42.01110264,-93.63801168
42.01110704,-93.63802149
42.0111106,-93.63802744
42.01111295,-93.63803063
42.01111295,-93.63803063
42.01111295,-93.63803063
42.01111295,-93.63803063
42.01112288,-93.63803406
42.01112485,-93.63803515
42.01112623,-93.63804027
42.01112829,-93.63805158
42.0111298,-93.63806558
42.01113214,-93.63808159
42.01113482,-93.63809961
42.01113751,-93.63811545
42.01114082,-93.63813029
42.01114367,-93.63814336
42.01114702,-93.63815568
42.01115033,-93.63816516
42.01115184,-93.63817303
42.011151,-93.63817622
42.011151,-93.63817622
42.011151,-93.63817622
42.01113814,-93.63818309
42.01113084,-93.63820178
42.01113084,-93.63820178
42.01113084,-93.63820178
42.01113084,-93.63820178
42.01114463,-93.63817362
42.01114463,-93.63817362
42.01114463,-93.63817362
42.01114463,-93.63817362
42.01114463,-93.63817362
42.01114463,-93.63817362
42.01114463,-93.63817362
42.01114463,-93.63817362
42.01114463,-93.63817362
42.01114865,-93.63817287
42.01114865,-93.63817287
42.01114865,-93.63817287
42.01114865,-93.63817287
42.01115264,-93.63818041
42.01115264,-93.63818041
42.01115611,-93.63817949
42.01116106,-93.63817957
42.01116747,-93.6381841
42.01117376,-93.63819307
42.01117816,-93.6382038
42.01118143,-93.63821511
42.01118788,-93.63822416
42.01119589,-93.63823028
42.01120079,-93.63823607
42.01120519,-93.63824235
42.01120833,-93.63824914
42.0112103,-93.63825878
42.01121106,-93.63827278
42.01121039,-93.63828409
42.01121009,-93.63829046
42.01120766,-93.63829725
42.01120766,-93.63829725
42.01120737,-93.63829876
42.01120838,-93.63830052
42.01121521,-93.63830262
42.01121521,-93.63830262
42.01121521,-93.63830262
42.01121521,-93.63830262
42.01124702,-93.63829667
42.01124853,-93.63829608
42.0112466,-93.63829122
42.01124467,-93.63828602
42.01124467,-93.63828602
42.0112409,-93.63828401
42.01123717,-93.63828644
42.01123482,-93.6382903
42.01123281,-93.63829482
42.01123608,-93.63829834
42.01124211,-93.63829876
42.01124635,-93.63829725
42.01124865,-93.63829918
42.01125079,-93.63830421
42.01125226,-93.63831427
42.01125288,-93.63832483
42.01125364,-93.63833522
42.01125544,-93.6383457
42.0112577,-93.63835534
42.0112603,-93.63836138
42.0112603,-93.63836138
42.0112603,-93.63836138
42.0112603,-93.63836138
42.0112603,-93.63836138
42.0112603,-93.63836138
42.0112603,-93.63836138
